Time (s),Temperature (°C)
0.7980232238769531,31.75
2.6219213008880615,31.75
