Time (s),Temperature (°C),Error,PI Output,P Component,I Component
0.8201806545257568,24.875,-0.875,0,-7.875,0.0
6.64457106590271,24.8125,-0.8125,0,-7.3125,-0.14182696619689464
